Country Name,Country Code,Series Name,Series Code,2012 [YR2012],2013 [YR2013],2014 [YR2014],2015 [YR2015],2016 [YR2016],2017 [YR2017],2018 [YR2018],2019 [YR2019],2020 [YR2020],2021 [YR2021],2022 [YR2022]
Germany,DEU,GDP growth (annual %),NY.GDP.MKTP.KD.ZG,0.418497594217598,0.437591303144671,2.20954343134872,1.49193152760772,2.22999986782015,2.68023111405891,0.981232606004738,1.07547163576423,-3.82676871619293,3.16381994194575,1.80620896724351
Germany,DEU,"Literacy rate, adult total (% of people ages 15 and above)",SE.ADT.LITR.ZS,..,..,..,..,..,..,..,..,..,..,..
Germany,DEU,Trade (% of GDP),NE.TRD.GNFS.ZS,86.5140548790483,85.0788766962491,84.6200933924979,86.2462246132087,84.7696459674487,87.2372029530234,88.5198710425055,88.3183894580195,81.1473589268244,89.1610941409004,99.880339763878
Germany,DEU,"Central government debt, total (% of GDP)",GC.DOD.TOTL.GD.ZS,..,..,..,..,..,..,..,..,..,..,..
Germany,DEU,"Foreign direct investment, net (BoP, current US$)",BN.KLT.DINV.CD,33639173474.0941,26093621454.5202,87919371869.1441,68388393318.9342,47174192458.9979,36124571462.2221,29011101778.829,98812746279.9771,-5888677179.05727,118807959909.235,131495115165.058
Germany,DEU,Individuals using the Internet (% of population),IT.NET.USER.ZS,82.34999847,84.17,86.19,87.58979935,84.16520664,84.3941537,87.03711209,88.13451691,89.81294133,91.43060973,91.62984383
Germany,DEU,"Net trade in goods (BoP, current US$)",BN.GSR.MRCH.CD,256215564157.458,270629120402.283,291485567739.164,275591821307.304,279767661496.884,288052510530.609,263292437554.946,245867844450.863,219237979865.427,230563208007.214,118587534439.773
Germany,DEU,"Agriculture, forestry, and fishing, value added (% of GDP)",NV.AGR.TOTL.ZS,0.847918814268698,0.942643214114216,0.904547674923055,0.684691591379231,0.69843112985447,0.851748919550925,0.689090611953825,0.790850030655333,0.73895402984373,0.711937967352693,0.920163742871072
Germany,DEU,"Inflation, consumer prices (annual %)",FP.CPI.TOTL.ZG,2.00848884782956,1.50472330251876,0.906794000434246,0.514426137125456,0.491747008445174,1.50949485109628,1.73216879766942,1.44565976888253,0.144877925813982,3.06666666666673,6.87257438551097
Germany,DEU,Access to electricity (% of population),EG.ELC.ACCS.ZS,100,100,100,100,100,100,100,100,100,100,..
Germany,DEU,"Employers, total (% of total employment) (modeled ILO estimate)",SL.EMP.MPYR.ZS,4.75543111459819,4.72100427193224,4.63537858298118,4.62209442333329,4.43367448922155,4.34109620809159,4.24699205204467,4.25964085582256,3.87357205934503,4.11150623999872,4.14049882513105
France,FRA,GDP growth (annual %),NY.GDP.MKTP.KD.ZG,0.313134751077172,0.576326674771792,0.956183052371557,1.1129123405747,1.09546440372048,2.29141999417021,1.86506607081999,1.84297181445896,-7.54045916249407,6.43520962104938,2.45475817660707
France,FRA,"Literacy rate, adult total (% of people ages 15 and above)",SE.ADT.LITR.ZS,..,..,..,..,..,..,..,..,..,..,..
France,FRA,Trade (% of GDP),NE.TRD.GNFS.ZS,59.7020591687875,59.764055074913,60.4787965196196,61.7516939345861,61.1001423821095,62.9618472934066,64.437952596913,64.1414731902028,56.7821567740889,61.9523139995796,73.2498526008188
France,FRA,"Central government debt, total (% of GDP)",GC.DOD.TOTL.GD.ZS,90.2797486025496,90.9685436680429,97.5543838512582,97.9803332557022,102.262044850588,102.21526508744,101.622134416787,104.961161125435,122.890485591708,116.488870628803,..
France,FRA,"Foreign direct investment, net (BoP, current US$)",BN.KLT.DINV.CD,19070158223.0146,-13973846914.2207,47288734074.2787,8404253503.8188,41841316016.5479,12702511140.0882,61682963434.9479,30864497546.2034,9116589362.18354,13026648828.9542,13333972005.2368
France,FRA,Individuals using the Internet (% of population),IT.NET.USER.ZS,81.44,81.9198,83.75,78.00603771,79.26981132,80.50245972,82.04318678,83.33974409,84.70640914,86.09548575,85.33331549
France,FRA,"Net trade in goods (BoP, current US$)",BN.GSR.MRCH.CD,-69611528578.9078,-56628976455.434,-56490401093.2855,-32061697861.1418,-35747477329.6037,-51541127195.7905,-60733808101.1686,-52800205764.1577,-65668786627.1051,-79446668709.5169,-144267384130.874
France,FRA,"Agriculture, forestry, and fishing, value added (% of GDP)",NV.AGR.TOTL.ZS,1.63179503677703,1.45863217691004,1.55635615985933,1.60564438654459,1.43711486668854,1.54241477388973,1.64887661606241,1.52245926892254,1.57949325058934,1.61722988284326,1.9136506040714
France,FRA,"Inflation, consumer prices (annual %)",FP.CPI.TOTL.ZG,1.9541953161351,0.863715497861805,0.50775882293799,0.0375143805125182,0.18333486112386,1.03228275064662,1.85081508315503,1.10825492288294,0.476498852725066,1.64233141038385,5.22236748369735
France,FRA,Access to electricity (% of population),EG.ELC.ACCS.ZS,100,100,100,100,100,100,100,100,100,100,..
France,FRA,"Employers, total (% of total employment) (modeled ILO estimate)",SL.EMP.MPYR.ZS,4.36708766075316,4.29941784496871,4.24489833232752,4.27322206265195,4.25548495910182,4.24221639020445,4.22467035468393,4.23876897491114,4.20484056986787,4.94278448148795,5.02448445056854
United Kingdom,GBR,GDP growth (annual %),NY.GDP.MKTP.KD.ZG,1.51293674929991,1.79232221590813,3.19578246561922,2.2202583222271,1.9210634135702,2.65506966811928,1.40379208588568,1.64161099628876,-10.3599008187799,8.67490411442573,4.34656140089153
United Kingdom,GBR,"Literacy rate, adult total (% of people ages 15 and above)",SE.ADT.LITR.ZS,..,..,..,..,..,..,..,..,..,..,..
United Kingdom,GBR,Trade (% of GDP),NE.TRD.GNFS.ZS,62.2259827334183,61.9991119149908,59.0948041195932,57.2035496863734,59.7003984143761,63.1216500310687,64.542648250433,64.6651336372235,58.7745593759029,59.3486477481733,69.5224186707207
United Kingdom,GBR,"Central government debt, total (% of GDP)",GC.DOD.TOTL.GD.ZS,146.977239505986,141.632156536491,150.601284070885,147.961205373892,156.61716822024,161.283987088484,158.178026895829,160.337361974752,195.88497391992,185.352608206634,..
United Kingdom,GBR,"Foreign direct investment, net (BoP, current US$)",BN.KLT.DINV.CD,-34727249184.4595,-8222267228.03089,-172805792105.635,-105510499552.5,-291904952184.513,46685075527.4551,-3576693950.22308,-41289065813.2493,-140797136683.084,155009730131.285,80704411997.0825
United Kingdom,GBR,Individuals using the Internet (% of population),IT.NET.USER.ZS,87.47999842,89.8441,91.61,92.00029987,94.77580063,90.42455049,90.69200899,92.51662855,94.81820132,96.68023657,..
United Kingdom,GBR,"Net trade in goods (BoP, current US$)",BN.GSR.MRCH.CD,-177897882101.183,-195695415678.773,-215419724598.913,-191418792619.073,-188188519275.279,-180100855213.958,-188502154062.236,-185429220011.626,-164878342686.197,-224612072311.393,-274330023482.606
United Kingdom,GBR,"Agriculture, forestry, and fishing, value added (% of GDP)",NV.AGR.TOTL.ZS,0.628400871790233,0.633392108618073,0.745014534118938,0.631166672145544,0.57891843174863,0.594050752899665,0.571108913982411,0.604721474036011,0.660080749403124,0.70956389862172,0.764233870806849
United Kingdom,GBR,"Inflation, consumer prices (annual %)",FP.CPI.TOTL.ZG,2.5732347965453,2.29166666666659,1.45112016293279,0.36804684232536,1.0084173681141,2.55775577557747,2.29283990345938,1.73810460086513,0.989486703772491,2.51837109614213,7.92204883147902
United Kingdom,GBR,Access to electricity (% of population),EG.ELC.ACCS.ZS,100,100,100,100,100,100,100,100,100,100,..
United Kingdom,GBR,"Employers, total (% of total employment) (modeled ILO estimate)",SL.EMP.MPYR.ZS,2.53464385203975,2.47896231059426,2.54821837858055,2.44931045763451,2.43224591910341,2.23916712988303,2.05892950902371,2.21368694659025,2.18789326902127,2.17387491013879,2.16691201974903
Italy,ITA,GDP growth (annual %),NY.GDP.MKTP.KD.ZG,-2.98090576823772,-1.84106545088248,-0.00454754236383792,0.778304350716581,1.29346273155907,1.66785904106857,0.925810941012742,0.483198316597154,-8.97419212060699,8.31376031801125,3.724549463477
Italy,ITA,"Literacy rate, adult total (% of people ages 15 and above)",SE.ADT.LITR.ZS,..,..,..,..,..,..,..,99.3490982055664,..,..,..
Italy,ITA,Trade (% of GDP),NE.TRD.GNFS.ZS,55.6547208446016,54.8675793967737,55.3221151506422,56.4181761616088,55.3676028142217,58.6041759472917,60.3035512426617,59.8789802234549,55.2657057698714,61.9058086986297,74.7768779022595
Italy,ITA,"Central government debt, total (% of GDP)",GC.DOD.TOTL.GD.ZS,..,..,..,..,..,..,..,..,..,..,..
Italy,ITA,"Foreign direct investment, net (BoP, current US$)",BN.KLT.DINV.CD,6761814775.11469,742935955.516199,3443516886.53274,2120880782.65148,-11998104744.4285,676832040.58117,-5593749247.93934,1681603982.41339,21788625430.1752,29959682048.1237,-15930452555.5196
Italy,ITA,Individuals using the Internet (% of population),IT.NET.USER.ZS,55.82999799,58.4593,55.63846022,58.14173496,61.32425277,63.077347,74.38718292,67.85071029,70.48342785,74.8623274,85.06074504
Italy,ITA,"Net trade in goods (BoP, current US$)",BN.GSR.MRCH.CD,23926500133.6752,50635466946.7768,65127558362.9911,59969555027.6219,66385652854.8362,61798029411.2547,54145722907.2986,67886716262.0664,78587904913.843,58431717015.3673,-17375066074.8241
Italy,ITA,"Agriculture, forestry, and fishing, value added (% of GDP)",NV.AGR.TOTL.ZS,1.9707531347602,2.14458980749233,1.99786088974992,2.06523676190304,1.9283733073049,1.97268467311393,1.94542007434608,1.90729572312002,2.00818689752076,1.90018407606246,1.82093915110622
Italy,ITA,"Inflation, consumer prices (annual %)",FP.CPI.TOTL.ZG,3.04136333226775,1.21999342274306,0.241047429826756,0.0387903996579733,-0.09401665691575,1.22653316645812,1.13748763600391,0.611246943765304,-0.13770757391651,1.87378325762481,8.20128991161718
Italy,ITA,Access to electricity (% of population),EG.ELC.ACCS.ZS,100,100,100,100,100,100,100,100,100,100,..
Italy,ITA,"Employers, total (% of total employment) (modeled ILO estimate)",SL.EMP.MPYR.ZS,6.61788326659322,6.91380270455062,6.59787633580304,6.61461230684265,6.47606512099602,6.26777664090078,6.06317909502104,5.96741173173028,5.94725650752602,5.87948949365103,6.23390180448918
Spain,ESP,GDP growth (annual %),NY.GDP.MKTP.KD.ZG,-2.95892213230024,-1.40334186790638,1.39577536727975,3.83851887667484,3.03777414172446,2.97576072924863,2.28446941947622,1.9839662230883,-11.1672978596983,6.40317361484541,5.77064767618052
Spain,ESP,"Literacy rate, adult total (% of people ages 15 and above)",SE.ADT.LITR.ZS,97.8945388793945,98.0791320800781,98.0937194824219,98.1432571411133,98.2505111694336,..,98.4365005493164,..,98.5944595336914,..,..
Spain,ESP,Trade (% of GDP),NE.TRD.GNFS.ZS,60.8450747936193,61.9763157198604,63.8382619541975,64.1832051439024,63.7398826295293,66.6570608657952,67.5749402546311,66.8738905174013,60.119480612327,67.3912901193661,80.536506491124
Spain,ESP,"Central government debt, total (% of GDP)",GC.DOD.TOTL.GD.ZS,77.8050671752626,92.3122944318681,105.572961714157,105.395476685566,106.78085544137,107.286371146798,107.974507264889,112.050634277545,140.268036253117,134.10213698474,..
Spain,ESP,"Foreign direct investment, net (BoP, current US$)",BN.KLT.DINV.CD,-23366093922.8011,-14263389021.5769,12972045515.7734,33299356666.0437,12384254171.6046,14575952991.294,-20511155392.2348,8921032437.20239,18154671658.833,-20032436794.3,-541287254.504816
Spain,ESP,Individuals using the Internet (% of population),IT.NET.USER.ZS,69.80999994,71.635,76.19,78.68963187,80.56133294,84.6022457,86.10723553,90.71866533,93.20564892,93.89752157,94.4855432
Spain,ESP,"Net trade in goods (BoP, current US$)",BN.GSR.MRCH.CD,-35973192060.4403,-16830544309.9815,-28262559441.1931,-22938972889.2097,-15734297750.5448,-25021624575.8382,-34516832100.5951,-29800887694.7506,-9798353470.08947,-27709984185.4262,-62248042890.8281
Spain,ESP,"Agriculture, forestry, and fishing, value added (% of GDP)",NV.AGR.TOTL.ZS,2.40829247098256,2.6214953408375,2.53523118162943,2.73408948401435,2.82424938533049,2.787029932249,2.75621978985911,2.46894251605563,2.81150302499531,2.73077583879439,2.33834951131815
Spain,ESP,"Inflation, consumer prices (annual %)",FP.CPI.TOTL.ZG,2.44612782366809,1.40858109183019,-0.151114837527235,-0.500365709903242,-0.202598000426452,1.95607633363963,1.6749813686379,0.699518994458739,-0.322753017299739,3.0931351197642,8.39057634118627
Spain,ESP,Access to electricity (% of population),EG.ELC.ACCS.ZS,100,100,100,100,100,100,100,100,100,100,..
Spain,ESP,"Employers, total (% of total employment) (modeled ILO estimate)",SL.EMP.MPYR.ZS,5.18965996818012,5.09073352253324,5.06078716985537,4.97166512398451,4.95887775763007,4.96511416716347,4.96903286666699,4.82723282455327,4.62428060295089,4.77888477356358,4.83913866943607
Poland,POL,GDP growth (annual %),NY.GDP.MKTP.KD.ZG,1.54522157125609,0.85655708060645,3.83695849351797,4.38329863507276,2.95350884167718,5.14001757409446,5.94520847705498,4.44998787878788,-2.02007073357655,6.93498038387065,5.26036442513194
Poland,POL,"Literacy rate, adult total (% of people ages 15 and above)",SE.ADT.LITR.ZS,..,..,..,..,..,..,..,..,..,99.8000030517578,..
Poland,POL,Trade (% of GDP),NE.TRD.GNFS.ZS,89.2676372308228,90.7793630676402,92.5686482977292,92.8187888489723,97.5399375676193,101.281222355928,103.450495789807,102.688713790566,100.324211437704,112.081813490052,123.93454594058
Poland,POL,"Central government debt, total (% of GDP)",GC.DOD.TOTL.GD.ZS,..,..,..,..,..,..,..,..,..,..,..
Poland,POL,"Foreign direct investment, net (BoP, current US$)",BN.KLT.DINV.CD,-5561000000,-4144000000,-13726000000,-10578000000,-3756000000,-8099000000,-16825000000,-12253000000,-14144000000,-26012000000,-25652000000
Poland,POL,Individuals using the Internet (% of population),IT.NET.USER.ZS,62.30999727,62.8492,66.6,67.99698716,73.3007041,75.98536595,77.54173454,80.43590688,83.18488715,85.37490906,86.94113568
Poland,POL,"Net trade in goods (BoP, current US$)",BN.GSR.MRCH.CD,-12197000000,-4989000000,-10456000000,-2352000000,-1447000000,-5530000000,-13240000000,-4878000000,8111000000,-8800000000,-25561000000
Poland,POL,"Agriculture, forestry, and fishing, value added (% of GDP)",NV.AGR.TOTL.ZS,3.00836031124689,3.24619078525218,2.9930281461549,2.50307066391396,2.64536303323162,3.01034802405091,2.41461815767273,2.36946425855979,2.56883771547078,2.24185593291838,2.84003722907454
Poland,POL,"Inflation, consumer prices (annual %)",FP.CPI.TOTL.ZG,3.56037151702783,0.991982606332428,0.0538213132399802,-0.87412587412577,-0.664767331433961,2.0759355367385,1.81295156542679,2.227478809383,3.37446972618589,5.05502704719272,14.4294507575758
Poland,POL,Access to electricity (% of population),EG.ELC.ACCS.ZS,100,100,100,100,100,100,100,100,100,100,..
Poland,POL,"Employers, total (% of total employment) (modeled ILO estimate)",SL.EMP.MPYR.ZS,4.16975639279334,4.19723049518464,4.12979941334144,3.92960926386311,3.952639138649,3.99599933487143,4.0488326744766,4.02620436044956,3.82282255513589,4.028246068901,3.90983388400367
Romania,ROU,GDP growth (annual %),NY.GDP.MKTP.KD.ZG,1.92499326240754,0.269963878633803,4.12067496319813,3.16050387041089,2.8575460568877,8.19650650309624,6.02901904128214,3.85316383348211,-3.67751079121797,5.70889455766321,4.59536094592346
Romania,ROU,"Literacy rate, adult total (% of people ages 15 and above)",SE.ADT.LITR.ZS,..,..,..,..,..,..,..,..,..,98.9000015258789,..
Romania,ROU,Trade (% of GDP),NE.TRD.GNFS.ZS,76.5392333462156,81.4016211768502,83.3787079346797,83.5211627751621,85.8939786447949,87.1561566741587,86.470670301064,84.5030610232464,78.0591133789941,86.8531207651432,92.8164025706351
Romania,ROU,"Central government debt, total (% of GDP)",GC.DOD.TOTL.GD.ZS,40.3882426396179,43.8827006652439,46.2693436335921,45.1699152164162,47.2799329997325,44.3270746320218,42.5621041300292,43.2052963983837,57.1106221007977,55.5722418945987,..
Romania,ROU,"Foreign direct investment, net (BoP, current US$)",BN.KLT.DINV.CD,-3255018087.08516,-3915347492.2883,-3599990318.25456,-3287453781.97355,-4996271644.2778,-5566577167.88674,-5840119126.74388,-5441572773.22615,-3403789382.68606,-10398707803.3903,-9254795831.04397
Romania,ROU,Individuals using the Internet (% of population),IT.NET.USER.ZS,45.87999425,49.7645,54.08,55.76315563,59.50395129,63.74728218,70.68127793,73.65747575,78.45526895,83.5904265,85.50309124
Romania,ROU,"Net trade in goods (BoP, current US$)",BN.GSR.MRCH.CD,-11889742402.2335,-8069176351.18425,-8820275952.9906,-9006474936.45413,-10671409668.3709,-14551121334.6036,-18018894602.6,-19960217037.7756,-21675913872.8125,-27290809287.7801,-33614107501.283
Romania,ROU,"Agriculture, forestry, and fishing, value added (% of GDP)",NV.AGR.TOTL.ZS,4.54040256655454,5.50999686670216,4.94855252779138,4.42596074120938,4.2922478488702,4.43884752783431,4.56455945444835,4.42008259865203,4.17885403792064,4.50924732513894,4.47147963599244
Romania,ROU,"Inflation, consumer prices (annual %)",FP.CPI.TOTL.ZG,3.33492267693442,3.9847123554813,1.06830987684298,-0.594156437495203,-1.54479666813897,1.3390212110439,4.62548443137779,3.82785432599438,2.63107311184743,5.05232876096582,13.7954887432521
Romania,ROU,Access to electricity (% of population),EG.ELC.ACCS.ZS,97.7653427124023,98.0986328125,98.4268951416016,98.761360168457,99.1,100,99.8226547241211,100,99.9952163696289,100,..
Romania,ROU,"Employers, total (% of total employment) (modeled ILO estimate)",SL.EMP.MPYR.ZS,1.23747747179584,1.26789895969781,1.14489421095791,1.12475203866291,1.03483499235997,1.04407424019679,1.05224197130264,1.14361899544787,1.14130205624816,1.1388092440847,1.13192802173607
Netherlands,NLD,GDP growth (annual %),NY.GDP.MKTP.KD.ZG,-1.03035399148436,-0.130175288449919,1.42339539510084,1.95916972105708,2.19171371926123,2.91090251315005,2.36091509478513,1.95558841574046,-3.88608391819609,6.19185710427116,4.32891831787197
Netherlands,NLD,"Literacy rate, adult total (% of people ages 15 and above)",SE.ADT.LITR.ZS,..,..,..,..,..,..,..,..,..,..,..
Netherlands,NLD,Trade (% of GDP),NE.TRD.GNFS.ZS,149.268415200791,149.549331302435,150.053755435106,157.816576039698,148.858664731618,156.028211221086,158.823210208957,155.270676645491,146.46177796191,156.956168654023,176.711779992468
Netherlands,NLD,"Central government debt, total (% of GDP)",GC.DOD.TOTL.GD.ZS,..,..,..,..,..,..,..,..,..,..,..
Netherlands,NLD,"Foreign direct investment, net (BoP, current US$)",BN.KLT.DINV.CD,-1729062855.18002,87174417702.7811,786049364.971508,60422293503.452,49999336305.9189,43897890313.6864,57011679381.8598,-836227817.912252,-86409447008.1328,146740299875.037,137970030082.469
Netherlands,NLD,Individuals using the Internet (% of population),IT.NET.USER.ZS,92.85999236,93.9564,91.666666,91.72413793,90.4109589,93.19727891,91.89189189,93.2885906,91.33333333,92.05298013,92.51968504
Netherlands,NLD,"Net trade in goods (BoP, current US$)",BN.GSR.MRCH.CD,91437763210.8061,100090445979.58,100837525680.187,72650745573.9886,72644563059.3378,81225978808.415,84612327562.381,67305002741.6929,70715186048.0116,86515879133.189,77564292350.0272
Netherlands,NLD,"Agriculture, forestry, and fishing, value added (% of GDP)",NV.AGR.TOTL.ZS,1.65950447649648,1.79086489326427,1.73834058014176,1.72432783388019,1.76653203206948,1.85559496359799,1.65067371932604,1.63580569580164,1.59906092676986,1.51690755777424,1.50498305250957
Netherlands,NLD,"Inflation, consumer prices (annual %)",FP.CPI.TOTL.ZG,2.45554765291604,2.50689852657885,0.976035079699679,0.600248147278776,0.316666666666743,1.38145871407206,1.7034979474447,2.63369910249601,1.27246037789161,2.67572008805385,10.0012078753473
Netherlands,NLD,Access to electricity (% of population),EG.ELC.ACCS.ZS,100,100,100,100,100,100,100,100,100,100,..
Netherlands,NLD,"Employers, total (% of total employment) (modeled ILO estimate)",SL.EMP.MPYR.ZS,3.84931185187563,3.86642552044158,3.95717049562686,3.83025367882229,4.02724431993693,4.01036973501146,3.99081122321499,3.84435262550425,3.89755762017165,3.72661252957236,3.48493157931673
Belgium,BEL,GDP growth (annual %),NY.GDP.MKTP.KD.ZG,0.739217283058679,0.459242192907709,1.57853314322614,2.04145900919961,1.26668640902095,1.6195802783878,1.79294519302076,2.24083533103139,-5.2607791859752,6.85099562281208,3.00990255927714
Belgium,BEL,"Literacy rate, adult total (% of people ages 15 and above)",SE.ADT.LITR.ZS,..,..,..,..,..,..,..,..,..,..,..
Belgium,BEL,Trade (% of GDP),NE.TRD.GNFS.ZS,160.746030229324,157.850845041743,158.783215919076,154.192546509323,157.66502598438,165.32583634966,166.494787097425,164.166215073989,155.263433762122,174.084085668565,193.092158876104
Belgium,BEL,"Central government debt, total (% of GDP)",GC.DOD.TOTL.GD.ZS,104.028499314949,101.564361030942,112.309059747048,108.591308652296,110.196200971828,103.883627921154,101.392739455571,103.382510764996,119.241639784917,108.061250958751,..
Belgium,BEL,"Foreign direct investment, net (BoP, current US$)",BN.KLT.DINV.CD,29684338021.7117,17271778736.2816,14787640970.4609,26844377439.2661,-22983198267.7305,31988685367.2034,5599920051.9415,-4229947094.10198,5632446683.857,26079554832.1066,14140581524.9867
Belgium,BEL,Individuals using the Internet (% of population),IT.NET.USER.ZS,80.71999055,82.1702,85,85.05294175,86.51647666,87.67968082,88.647343,90.27542801,91.52641629,92.78867618,94.00783071
Belgium,BEL,"Net trade in goods (BoP, current US$)",BN.GSR.MRCH.CD,-12420649680.0713,-8825323661.51839,-7023069263.5798,1851149280.8401,1924992227.71724,2705969713.59094,-2004136900.41208,4175894963.71748,11295703667.3124,9779012454.25657,-7647284072.64611
Belgium,BEL,"Agriculture, forestry, and fishing, value added (% of GDP)",NV.AGR.TOTL.ZS,0.781226734946645,0.681174913459581,0.637835968092569,0.6864147804639,0.628433475870949,0.665093660241847,0.603042098829086,0.670014510853057,0.679156944245191,0.641604663323421,0.640580545635069
Belgium,BEL,"Inflation, consumer prices (annual %)",FP.CPI.TOTL.ZG,2.83966343445899,1.1130959402754,0.340002833356922,0.561429152790065,1.97385264653181,2.12597086002607,2.05316499865186,1.43681956996429,0.740791812220344,2.44024851144084,9.597511728725
Belgium,BEL,Access to electricity (% of population),EG.ELC.ACCS.ZS,100,100,100,100,100,100,100,100,100,100,..
Belgium,BEL,"Employers, total (% of total employment) (modeled ILO estimate)",SL.EMP.MPYR.ZS,4.09424402570727,4.2991342185726,4.10887478906038,4.29640789536066,4.15332330864989,3.97005150133648,3.78984121692157,3.63471940960225,3.82646055312836,3.49017115007451,3.6530869155299
Greece,GRC,GDP growth (annual %),NY.GDP.MKTP.KD.ZG,-7.08669678638024,-2.51599722189651,0.475695947137041,-0.196087629724133,-0.487173294301954,1.09214912017283,1.66842863602514,1.87948998590817,-9.31643576478743,8.37994378358083,5.55728707963308
Greece,GRC,"Literacy rate, adult total (% of people ages 15 and above)",SE.ADT.LITR.ZS,..,..,..,..,..,..,..,..,..,..,..
Greece,GRC,Trade (% of GDP),NE.TRD.GNFS.ZS,62.0612847915005,62.8765015617254,66.5263275893829,65.2776924688798,64.0191979817137,71.5789505399414,80.1500265574834,81.885923258543,71.8403094647801,89.6559253903021,107.99680403281
Greece,GRC,"Central government debt, total (% of GDP)",GC.DOD.TOTL.GD.ZS,168.027201054784,185.743826117643,189.294440988662,189.159420957428,194.620197524529,198.965311960791,208.807531013043,212.362314259588,253.119931146447,237.352878608134,..
Greece,GRC,"Foreign direct investment, net (BoP, current US$)",BN.KLT.DINV.CD,-983789755.021622,-3642778629.05029,318930211.419456,313664376.493594,-4461888211.51062,-3283464014.36403,-3505884539.8762,-4372859648.55396,-2655346655.83119,-4904551441.43139,-5482368435.81369
Greece,GRC,Individuals using the Internet (% of population),IT.NET.USER.ZS,55.06999344,59.8663,63.21,66.83495949,69.08791547,69.89297065,72.23837339,75.67120669,78.11584474,78.49426371,83.17066333
Greece,GRC,"Net trade in goods (BoP, current US$)",BN.GSR.MRCH.CD,-25272646680.225,-27615840125.3014,-29549383718.5539,-19602740553.7211,-19858204213.5886,-22389144869.1272,-26532107326.6204,-25572170056.0099,-21135301378.4051,-31224305843.5231,-41589589823.7668
Greece,GRC,"Agriculture, forestry, and fishing, value added (% of GDP)",NV.AGR.TOTL.ZS,3.44106864571792,3.38260275850521,3.58413350571669,3.86470314774326,3.51534024837597,3.85638896453125,3.63540849125269,3.80858922158369,4.10022641415766,3.6767902399848,3.76452239269276
Greece,GRC,"Inflation, consumer prices (annual %)",FP.CPI.TOTL.ZG,1.50152696177758,-0.921269454256994,-1.31226096405506,-1.73588804765284,-0.825653978390973,1.12125452031419,0.62562141345364,0.253007522038157,-1.24798355581405,1.22382501019854,9.64525981280632
Greece,GRC,Access to electricity (% of population),EG.ELC.ACCS.ZS,100,100,100,100,100,100,100,100,100,100,..
Greece,GRC,"Employers, total (% of total employment) (modeled ILO estimate)",SL.EMP.MPYR.ZS,7.05646804611534,6.65430001852126,6.32772952583989,6.87863126362711,7.3971738176402,7.50779647530835,7.6178313096185,7.39733604686053,7.74305513531376,7.89248521601694,7.09486797812284
Portugal,PRT,GDP growth (annual %),NY.GDP.MKTP.KD.ZG,-4.05729360769561,-0.922644674527888,0.792190301875365,1.79204604555983,2.01948539561312,3.5063452848124,2.84932593436179,2.68275992118076,-8.3005165411776,5.73743721854339,6.82751087594069
Portugal,PRT,"Literacy rate, adult total (% of people ages 15 and above)",SE.ADT.LITR.ZS,..,..,..,..,..,..,..,..,..,96.7799987792969,..
Portugal,PRT,Trade (% of GDP),NE.TRD.GNFS.ZS,76.0508388667084,78.1144346199064,80.2823078763457,80.4908943813068,79.2742296253386,84.4391405215721,86.4287609308408,86.5647174091784,76.237488464863,85.6259080141689,101.605149369579
Portugal,PRT,"Central government debt, total (% of GDP)",GC.DOD.TOTL.GD.ZS,..,..,..,..,..,..,..,..,..,..,..
Portugal,PRT,"Foreign direct investment, net (BoP, current US$)",BN.KLT.DINV.CD,-16850416516.8888,-8650582592.84018,-8621953199.87913,-2385447344.54807,-4166477908.08425,-8405018325.81703,-6392193344.65206,-8687999451.08216,-5734970610.29221,-9417422267.89324,-5801630114.04224
Portugal,PRT,Individuals using the Internet (% of population),IT.NET.USER.ZS,60.33999749,62.0956,64.59,68.63286148,70.42356709,73.79121395,74.66096815,75.34637794,78.26166044,82.30902804,84.49690644
Portugal,PRT,"Net trade in goods (BoP, current US$)",BN.GSR.MRCH.CD,-12018221040.2605,-10813235609.959,-12807238884.0217,-10802485226.4269,-11062004202.2784,-15101799690.1417,-18415436455.87,-18226215737.4727,-14236118402.4798,-18745029889.1776,-27739239765.8956
Portugal,PRT,"Agriculture, forestry, and fishing, value added (% of GDP)",NV.AGR.TOTL.ZS,1.92410769887828,2.09548269898385,2.07611116482919,2.09944392552801,2.06581098417221,2.09586857603127,2.03652988278957,2.08854854180033,2.1739396592118,2.15037213356086,1.85478953439666
Portugal,PRT,"Inflation, consumer prices (annual %)",FP.CPI.TOTL.ZG,2.77333854051586,0.274416666666663,-0.278153367467428,0.48793862390472,0.607397074641719,1.36861411643472,0.993715683468326,0.338178410046034,-0.0124383299575305,1.26565719069044,7.83269124233323
Portugal,PRT,Access to electricity (% of population),EG.ELC.ACCS.ZS,100,100,100,100,100,100,100,100,100,100,..
Portugal,PRT,"Employers, total (% of total employment) (modeled ILO estimate)",SL.EMP.MPYR.ZS,5.04577451561263,5.23124617610499,5.20194385742916,4.79737138026882,4.765530567241,4.80423294631466,4.83782368955154,4.83107959962256,4.59797039403462,4.81984252118929,5.15003667078916
Sweden,SWE,GDP growth (annual %),NY.GDP.MKTP.KD.ZG,-0.588304568990736,1.187775715906,2.65779827531642,4.48928158790491,2.07059315052096,2.56792452526476,1.95002284569983,1.98619587380391,-2.17021317885872,6.14702464708019,2.91177202844162
Sweden,SWE,"Literacy rate, adult total (% of people ages 15 and above)",SE.ADT.LITR.ZS,..,..,..,..,..,..,..,..,..,..,..
Sweden,SWE,Trade (% of GDP),NE.TRD.GNFS.ZS,85.2822510623587,80.8156652769752,82.9335316938536,83.7238145087279,82.3206450872032,84.9347494342818,89.1311983954621,91.4338289680865,83.2110028742464,88.2464014779394,102.924081161799
Sweden,SWE,"Central government debt, total (% of GDP)",GC.DOD.TOTL.GD.ZS,43.5102479611743,45.1695424481992,49.4545085693247,47.4343206265975,46.1880562107038,43.9475608495741,42.2624001047158,38.6717096874041,43.9940514490513,40.4789669588839,..
Sweden,SWE,"Foreign direct investment, net (BoP, current US$)",BN.KLT.DINV.CD,13221654816.0758,26576115126.5369,4819176705.87348,4645839623.08436,-14370211554.9121,15239796026.0174,14173567423.593,6379736740.78309,3728683448.03523,5950984335.51365,13430735730.8473
Sweden,SWE,Individuals using the Internet (% of population),IT.NET.USER.ZS,93.17998801,94.7836,92.52,90.61019664,89.65094761,93.00626697,89.24696316,94.49344341,94.53943122,94.6703163,95.00970335
Sweden,SWE,"Net trade in goods (BoP, current US$)",BN.GSR.MRCH.CD,21948268080.5973,18144355066.6396,16932363206.3826,11489864058.8475,8472024366.15154,11161670201.2963,11155611931.4952,20710340114.2778,21663262826.8432,27114259826.8025,20837632734.4405
Sweden,SWE,"Agriculture, forestry, and fishing, value added (% of GDP)",NV.AGR.TOTL.ZS,1.54714585772275,1.46654001874605,1.44329819446845,1.44955838205644,1.39874442557708,1.44353822862843,1.39278662122906,1.39212483159621,1.32935387209544,1.28809355519435,1.46366135731503
Sweden,SWE,"Inflation, consumer prices (annual %)",FP.CPI.TOTL.ZG,0.888377506923638,-0.0442929701485858,-0.179638494114635,-0.0467847449832812,0.984269244577992,1.79449904665589,1.95353530127028,1.78415097403835,0.497367318853572,2.16319736447153,8.36929098869189
Sweden,SWE,Access to electricity (% of population),EG.ELC.ACCS.ZS,100,100,100,100,100,100,100,100,100,100,..
Sweden,SWE,"Employers, total (% of total employment) (modeled ILO estimate)",SL.EMP.MPYR.ZS,3.76788459581215,3.80898238836025,3.61508182054925,3.57591280685307,3.64066512796111,3.61375835945332,3.58457705185035,3.6182730361984,3.41810702178864,3.39811775496323,3.3658067475539
Hungary,HUN,GDP growth (annual %),NY.GDP.MKTP.KD.ZG,-1.25022602347063,1.80252210082266,4.23220980614269,3.7073159793626,2.20100189293856,4.27197601620695,5.36234836176223,4.86422573511891,-4.53555083281567,7.08572084592274,4.5545566416229
Hungary,HUN,"Literacy rate, adult total (% of people ages 15 and above)",SE.ADT.LITR.ZS,..,..,..,..,..,..,..,..,..,99.0999984741211,..
Hungary,HUN,Trade (% of GDP),NE.TRD.GNFS.ZS,165.648667943528,164.346110357561,168.394596543722,167.320445037758,164.403927718725,165.228515608639,163.260512262857,160.751343279331,155.483814998738,159.705776527142,186.723914074254
Hungary,HUN,"Central government debt, total (% of GDP)",GC.DOD.TOTL.GD.ZS,94.1475132059307,94.7331902055697,98.6713309160176,96.3973535639551,96.77762376685,91.9872247713716,86.5499043370654,83.3671584163564,96.0046852251424,87.0023904631335,..
Hungary,HUN,"Foreign direct investment, net (BoP, current US$)",BN.KLT.DINV.CD,-2877531842.00942,-278231951.296789,-3819551081.1514,-2890619218.82159,-2983727246.89273,-2376170201.386,-3531634245.88504,-215796664.063774,-2756453066.85714,-3801865480.41023,-3886946395.76112
Hungary,HUN,Individuals using the Internet (% of population),IT.NET.USER.ZS,70.57999815,72.6439,75.65319745,72.83473703,79.25941213,76.75054712,76.07436064,80.37169361,84.77115202,88.64083466,90.46084106
Hungary,HUN,"Net trade in goods (BoP, current US$)",BN.GSR.MRCH.CD,3730985677.82791,4429253940.37193,2836666026.5278,4504456526.12,4390799084.80376,1896037171.56766,-2629192065.63294,-4099484855.15767,-1477399000.26301,-5138520462.52562,-15859997310.2065
Hungary,HUN,"Agriculture, forestry, and fishing, value added (% of GDP)",NV.AGR.TOTL.ZS,3.89108996834839,3.91708552837692,3.93604186130972,3.78956364429984,3.89013448518016,3.75419763895675,3.48637174839945,3.33240711582559,3.39049607849563,3.48664567338419,3.23756768614665
Hungary,HUN,"Inflation, consumer prices (annual %)",FP.CPI.TOTL.ZG,5.65214517088646,1.73319984983101,-0.227566270988219,-0.0616446800641672,0.394769306686392,2.34824281150154,2.85024792594646,3.33858635382008,3.32674385766738,5.11096534382855,14.6081439492433
Hungary,HUN,Access to electricity (% of population),EG.ELC.ACCS.ZS,99.9653396606445,99.9867935180664,100,100,100,100,100,100,100,100,..
Hungary,HUN,"Employers, total (% of total employment) (modeled ILO estimate)",SL.EMP.MPYR.ZS,3.88520510411471,3.73506730702473,3.74964574620212,3.64868149015155,3.5992401239216,3.55795100262367,3.5046319881255,3.67049488647686,4.1522696340304,4.21747885690468,4.29382185629677
Austria,AUT,GDP growth (annual %),NY.GDP.MKTP.KD.ZG,0.680445576816723,0.0255047121972183,0.661272848852605,1.01450158590511,1.98943716230463,2.25857243250671,2.42538536088061,1.45052918393192,-6.63299143662553,4.23786673253257,4.80643020178459
Austria,AUT,"Literacy rate, adult total (% of people ages 15 and above)",SE.ADT.LITR.ZS,..,..,..,..,..,..,..,..,..,..,..
Austria,AUT,Trade (% of GDP),NE.TRD.GNFS.ZS,105.152177427838,104.066414086373,103.503535251069,102.42731538918,100.982078278741,104.938844932748,107.923639505579,107.892514611522,99.7082951791188,110.984958052906,123.685438704967
Austria,AUT,"Central government debt, total (% of GDP)",GC.DOD.TOTL.GD.ZS,90.6003878073782,87.6965992426296,95.7996292737297,95.0842658810954,94.6946369620698,89.4054088474265,84.2154918852706,83.0969293777453,99.9096979729971,94.5321951541873,..
Austria,AUT,"Foreign direct investment, net (BoP, current US$)",BN.KLT.DINV.CD,13225677746.2251,10579892540.2259,-2587541536.35941,5836278366.23208,2023538039.87874,-3410590994.58353,1691653144.57873,5227955309.84838,13611957227.0914,11077210414.2858,-1816725660.21382
Austria,AUT,Individuals using the Internet (% of population),IT.NET.USER.ZS,80.02999392,80.6188,80.99582496,83.94014193,84.32374257,87.93558659,87.47913723,87.75220479,87.52942813,92.52915104,93.61409139
Austria,AUT,"Net trade in goods (BoP, current US$)",BN.GSR.MRCH.CD,-4061467922.28597,-1344818487.20424,1029025516.6881,2541879166.5296,2946091923.18844,1200586726.55442,1400593549.84437,4893333269.50751,5116380354.88365,-36394989.1053597,-7124700277.04277
Austria,AUT,"Agriculture, forestry, and fishing, value added (% of GDP)",NV.AGR.TOTL.ZS,1.3485513899381,1.25472121594195,1.20074056404147,1.1297901935645,1.11031647926172,1.21053643138638,1.13060289104829,1.05241585619679,1.06808171610135,1.21862913223431,1.38580177651311
Austria,AUT,"Inflation, consumer prices (annual %)",FP.CPI.TOTL.ZG,2.48567562177015,2.00015616900597,1.60581182954474,0.89656333526032,0.891591752655362,2.08126911385587,1.9983798142954,1.53089564152644,1.38191063351862,2.7666666666667,8.5468699318845
Austria,AUT,Access to electricity (% of population),EG.ELC.ACCS.ZS,100,100,100,100,100,100,100,100,100,100,..
Austria,AUT,"Employers, total (% of total employment) (modeled ILO estimate)",SL.EMP.MPYR.ZS,4.61749527114848,4.48332300364759,4.70229769084363,4.50697858714699,4.5453900047229,4.55846265995257,4.56394275020255,4.79014740126059,4.77991336176684,4.76442780290919,4.74386826808334
Denmark,DNK,GDP growth (annual %),NY.GDP.MKTP.KD.ZG,0.226499791802965,0.933340972371226,1.61939381103033,2.34259110757047,3.24595698524396,2.82173634129026,1.98953731496432,1.49348695853648,-2.42451267861938,6.84452190183443,2.73117445421431
Denmark,DNK,"Literacy rate, adult total (% of people ages 15 and above)",SE.ADT.LITR.ZS,..,..,..,..,..,..,..,..,..,..,..
Denmark,DNK,Trade (% of GDP),NE.TRD.GNFS.ZS,103.240970340292,103.050141083868,102.263916342342,104.048228406694,100.168828784783,102.979389908635,106.974996433357,110.224828604234,103.755881304682,110.712208517714,128.929664027636
Denmark,DNK,"Central government debt, total (% of GDP)",GC.DOD.TOTL.GD.ZS,..,..,..,..,..,..,..,..,..,..,..
Denmark,DNK,"Foreign direct investment, net (BoP, current US$)",BN.KLT.DINV.CD,5411285380.97363,6327998758.53024,3342265730.4483,5406579386.6534,10187621831.3192,5836604485.42798,-2041425450.86105,10135346257.0541,9744421097.01819,18046412051.1209,-1742978009.85033
Denmark,DNK,Individuals using the Internet (% of population),IT.NET.USER.ZS,92.26001172,94.6297,95.99,96.33050162,96.96778525,97.09936216,97.31920437,98.04643475,96.54914573,98.8658506,97.86011812
Denmark,DNK,"Net trade in goods (BoP, current US$)",BN.GSR.MRCH.CD,14132405596.9863,15272340617.166,15892494840.0954,14375236791.1055,17011347970.7311,15009657155.991,12829124195.635,18440123544.1055,18846408181.7504,15119649744.488,12386494077.1386
Denmark,DNK,"Agriculture, forestry, and fishing, value added (% of GDP)",NV.AGR.TOTL.ZS,1.65472753047184,1.30212758701465,1.38246259773525,0.957580201288368,0.961160974086306,1.30480035996571,1.0265693512957,1.26628887578411,1.38190338268661,1.08899475108139,1.17288994269624
Denmark,DNK,"Inflation, consumer prices (annual %)",FP.CPI.TOTL.ZG,2.3979148566464,0.789071780078062,0.56402054044954,0.452034153691575,0.250000000000031,1.14713216957602,0.813609467455631,0.75813157251162,0.420711974110115,1.8530454398968,7.6965669988926
Denmark,DNK,Access to electricity (% of population),EG.ELC.ACCS.ZS,100,100,100,100,100,100,100,100,100,100,..
Denmark,DNK,"Employers, total (% of total employment) (modeled ILO estimate)",SL.EMP.MPYR.ZS,3.66173689306624,3.60653593189734,3.61593978440173,3.68102504739339,3.56561105693537,3.3839070537031,3.21080058053014,3.40010910223353,3.38764850847832,3.35918048484595,2.79846056758715
Finland,FIN,GDP growth (annual %),NY.GDP.MKTP.KD.ZG,-1.39754572817782,-0.901696316194844,-0.364908156882066,0.543659211765487,2.81145776663433,3.19240962968416,1.1397180134305,1.22474892206223,-2.35496515679442,2.83817960418034,1.63431010253474
Finland,FIN,"Literacy rate, adult total (% of people ages 15 and above)",SE.ADT.LITR.ZS,..,..,..,..,..,..,..,..,..,..,..
Finland,FIN,Trade (% of GDP),NE.TRD.GNFS.ZS,79.170500952561,77.0938865804298,74.1127227557674,71.3825484305887,70.8985003539937,75.053137193384,78.1921683186129,79.605433214652,71.4986682798545,78.9215842721731,93.0707012752831
Finland,FIN,"Central government debt, total (% of GDP)",GC.DOD.TOTL.GD.ZS,..,..,..,..,..,..,..,..,..,..,..
Finland,FIN,"Foreign direct investment, net (BoP, current US$)",BN.KLT.DINV.CD,3444014949.83225,-2236027725.237,-17108721387.896,-18241204965.2041,15487777451.9412,-3464257880.12747,13725083434.579,-8568455133.46849,7447437563.98655,-4364887159.59575,7378497425.43287
Finland,FIN,Individuals using the Internet (% of population),IT.NET.USER.ZS,89.87999797,91.5144,86.53039275,86.42213333,87.70364996,87.46892907,88.88996,89.60738511,92.17027106,92.80806082,92.98879471
Finland,FIN,"Net trade in goods (BoP, current US$)",BN.GSR.MRCH.CD,3149268285.10541,3118846250.79733,1843030649.20738,2107805337.04,48692356.4152342,1688678820.52109,332732124.899298,2578748313.87985,3226403908.45541,2708373582.53969,-527629280.451847
Finland,FIN,"Agriculture, forestry, and fishing, value added (% of GDP)",NV.AGR.TOTL.ZS,2.31449932102051,2.36735333127774,2.39829480369459,2.25370768976039,2.31061337452533,2.31594204179389,2.38668391429869,2.34930667311493,2.45212949192986,2.43672805029841,2.29387022141417
Finland,FIN,"Inflation, consumer prices (annual %)",FP.CPI.TOTL.ZG,2.80833622561574,1.4782861568881,1.04119621178439,-0.207928839905268,0.356684500891695,0.754015047084346,1.08382098409305,1.02409392963431,0.290554555653239,2.19457432340007,7.12350773301402
Finland,FIN,Access to electricity (% of population),EG.ELC.ACCS.ZS,100,100,100,100,100,100,100,100,100,100,..
Finland,FIN,"Employers, total (% of total employment) (modeled ILO estimate)",SL.EMP.MPYR.ZS,4.02303069248113,4.015827815939,4.2319683515997,4.2324279318662,4.04733386811032,3.80794221615427,3.58301892495693,3.78097594023283,3.7059411863457,3.8696314662494,3.41327510686081
Ireland,IRL,GDP growth (annual %),NY.GDP.MKTP.KD.ZG,-0.129692110994981,1.17461437395743,8.828998727303,24.4752533362377,1.76555687937534,9.31125930624903,8.47029545192876,5.2977280259237,6.61719466830968,15.1252197949572,9.43302211023355
Ireland,IRL,"Literacy rate, adult total (% of people ages 15 and above)",SE.ADT.LITR.ZS,..,..,..,..,..,..,..,..,..,..,..
Ireland,IRL,Trade (% of GDP),NE.TRD.GNFS.ZS,191.880382137775,189.423656922593,201.846445638508,214.995933767668,228.143600715455,219.440135910193,216.53908687884,252.495271979574,247.059718760882,227.404790299365,234.267352862593
Ireland,IRL,"Central government debt, total (% of GDP)",GC.DOD.TOTL.GD.ZS,130.016537068464,131.908510435139,120.97004655592,88.3787331935287,85.4845256373124,76.4513760066889,74.9981601286137,69.6037207995459,71.2781481409944,64.2258545827221,..
Ireland,IRL,"Foreign direct investment, net (BoP, current US$)",BN.KLT.DINV.CD,-26152981888.6634,-21251151864.3365,-6747671077.87406,-47433558092.5427,-9219282218.49488,-55346188075.955,27441629240.531,-97444443421.6992,-110374030218.227,59233776504.1128,35688700619.6299
Ireland,IRL,Individuals using the Internet (% of population),IT.NET.USER.ZS,76.91999254,78.2477,83.49172234,83.49479167,83.5,84.11400706,87.00014011,87.00005524,91.99989097,95.16956667,..
Ireland,IRL,"Net trade in goods (BoP, current US$)",BN.GSR.MRCH.CD,47356205305.2231,45759993465.135,54174979661.9364,125778291157.023,117313005009.281,123713642632.927,129048225358.846,133368399442.72,162712899543.289,199346904456.277,212500679953.504
Ireland,IRL,"Agriculture, forestry, and fishing, value added (% of GDP)",NV.AGR.TOTL.ZS,0.987726294623718,1.08395638430068,1.24068375630422,0.892228099801223,0.94664807290274,1.17494887226926,0.889228821504489,0.905751115819443,0.9233122585101,0.991635583719796,1.10755040853986
Ireland,IRL,"Inflation, consumer prices (annual %)",FP.CPI.TOTL.ZG,1.69620897294548,0.508714869485475,0.182542316627901,-0.289879079012766,0.00830633773565991,0.340531561461897,0.488370168032444,0.939044481054393,-0.334584625428532,2.35814296241712,7.80737540996716
Ireland,IRL,Access to electricity (% of population),EG.ELC.ACCS.ZS,100,100,100,100,100,100,100,100,100,100,..
Ireland,IRL,"Employers, total (% of total employment) (modeled ILO estimate)",SL.EMP.MPYR.ZS,4.74138231174459,4.65278441707438,4.63269646159306,4.57587761903247,4.62093903738466,4.47050102364404,4.32113063526963,4.19568691757267,4.07655181377181,3.70500624093378,3.91396073528213
Switzerland,CHE,GDP growth (annual %),NY.GDP.MKTP.KD.ZG,1.17925383325108,1.79214405707484,2.34988127508626,1.64462768699285,2.0686896670996,1.36279955711416,2.86044579461633,1.14198232505277,-2.14173720650054,5.39188804141473,2.56832817834069
Switzerland,CHE,"Literacy rate, adult total (% of people ages 15 and above)",SE.ADT.LITR.ZS,..,..,..,..,..,..,..,..,..,..,..
Switzerland,CHE,Trade (% of GDP),NE.TRD.GNFS.ZS,126.453860464505,133.693708414477,120.213423375239,117.138482218872,123.565924513577,123.621807602301,124.428504325808,124.127612180467,121.785977998371,130.25616282247,140.169548786107
Switzerland,CHE,"Central government debt, total (% of GDP)",GC.DOD.TOTL.GD.ZS,21.3444959349686,20.218157443689,20.611242786827,20.4392949592688,19.3809926558719,20.2844118326667,18.678118566674,18.9542598066682,20.8521076737596,19.98582518083,..
Switzerland,CHE,"Foreign direct investment, net (BoP, current US$)",BN.KLT.DINV.CD,14355288726.9079,37473010545.2364,-9548642226.03824,7382490805.01529,16345609441.2035,-88905787009.0505,127205288164.953,49927156136.8125,131990402655.3,35062001352.9683,-16905526797.82
Switzerland,CHE,Individuals using the Internet (% of population),IT.NET.USER.ZS,85.2,86.34,87.4,87.4790556,89.13468774,89.68614767,91.8,93.14608695,94.34995199,95.56937168,..
Switzerland,CHE,"Net trade in goods (BoP, current US$)",BN.GSR.MRCH.CD,47292889810.3469,60341205915.7463,64917243127.0207,63528933242.7077,61721933383.3213,64454606496.4078,72516522501.177,71388038033.5542,63481903160.7007,116305623532.587,120285517774.106
Switzerland,CHE,"Agriculture, forestry, and fishing, value added (% of GDP)",NV.AGR.TOTL.ZS,0.634586963665186,0.662533713556518,0.708877666889646,0.62644626050893,0.658010471667002,0.631333510334041,0.643750702339479,0.647745526895984,0.705477633321729,0.625932432983477,0.614574942644973
Switzerland,CHE,"Inflation, consumer prices (annual %)",FP.CPI.TOTL.ZG,-0.692552018105253,-0.217323155115693,-0.0132025387514939,-1.14390867228183,-0.434618664285835,0.533787839825897,0.936335464113563,0.362886179940614,-0.725874933313384,0.581814168489856,2.83502798644463
Switzerland,CHE,Access to electricity (% of population),EG.ELC.ACCS.ZS,100,100,100,100,100,100,100,100,100,100,..
Switzerland,CHE,"Employers, total (% of total employment) (modeled ILO estimate)",SL.EMP.MPYR.ZS,4.2837717648449,4.13074414066029,4.33413876393231,4.70627765291451,4.84160961852354,4.79392206562326,4.7434830358952,4.78942551468036,4.98313196685844,6.02909682395792,6.6209464697387
Norway,NOR,GDP growth (annual %),NY.GDP.MKTP.KD.ZG,2.71795926678982,1.01619082409272,2.04813199855084,1.85733972643303,1.16472423497285,2.46374628510146,0.828900664137592,1.12377787436797,-1.2781717845226,3.90868677689417,3.01588947965814
Norway,NOR,"Literacy rate, adult total (% of people ages 15 and above)",SE.ADT.LITR.ZS,..,..,..,..,..,..,..,..,..,..,..
Norway,NOR,Trade (% of GDP),NE.TRD.GNFS.ZS,68.4985528389766,67.9727925936832,69.1373772209037,70.431856540017,69.1168423974699,69.1087817621061,70.0031957894984,70.8958205272987,65.3539790413323,71.2227137759599,82.614071980361
Norway,NOR,"Central government debt, total (% of GDP)",GC.DOD.TOTL.GD.ZS,..,..,..,..,..,..,..,..,..,..,..
Norway,NOR,"Foreign direct investment, net (BoP, current US$)",BN.KLT.DINV.CD,-530635440.893499,13330852298.3973,19824041267.7075,14147392954.2328,25224281831.998,-2605625081.95946,20066938194.9058,-8642495074.33426,-7125932364.43649,13829889308.6846,8325327132.10223
Norway,NOR,Individuals using the Internet (% of population),IT.NET.USER.ZS,94.64997805,95.0534,96.3,96.81032569,97.29820367,96.3576013,96.49165799,98.00000439,94.60755647,99.0000036,98.99997764
Norway,NOR,"Net trade in goods (BoP, current US$)",BN.GSR.MRCH.CD,72026316643.0053,63703575853.9453,52620068476.2365,27485551206.7296,12920268385.8866,23202559416.2547,33816312280.7522,15789156180.1261,2065166465.61521,63675388356.1564,166995822345.24
Norway,NOR,"Agriculture, forestry, and fishing, value added (% of GDP)",NV.AGR.TOTL.ZS,1.07727511345649,1.25303567412594,1.38343133732434,1.48183029554502,2.03389884901806,1.91877892439687,1.81119901939869,1.78246102169707,1.8439294251894,1.59886917714459,1.65506307589933
Norway,NOR,"Inflation, consumer prices (annual %)",FP.CPI.TOTL.ZG,0.696864111498362,2.12048620353112,2.04170286707211,2.17113665389527,3.54999999999998,1.87510059552554,2.76483134528788,2.16773003305402,1.28658490708005,3.48388055266678,5.76412317852272
Norway,NOR,Access to electricity (% of population),EG.ELC.ACCS.ZS,100,100,100,100,100,100,100,100,100,100,..
Norway,NOR,"Employers, total (% of total employment) (modeled ILO estimate)",SL.EMP.MPYR.ZS,1.78106714239002,1.84511649734982,1.90725893082921,1.71505095345321,1.80630744218203,1.67808035407246,1.55684433452525,1.6883851858385,1.59432796189483,1.16614248366751,0.738016371279112
Ukraine,UKR,GDP growth (annual %),NY.GDP.MKTP.KD.ZG,0.152314967200653,0.045439094492707,-10.0788949840953,-9.7729872128676,2.44098194492067,2.35997228099491,3.48836234022659,3.19950386354134,-3.75280409994949,3.4456255827111,-29.1
Ukraine,UKR,"Literacy rate, adult total (% of people ages 15 and above)",SE.ADT.LITR.ZS,99.9743499755859,..,..,..,..,..,..,..,..,100,..
Ukraine,UKR,Trade (% of GDP),NE.TRD.GNFS.ZS,102.622788356626,94.0016694501782,100.691782483624,107.806616298156,105.521204913122,104.034982911399,99.1998150718675,90.5112342910763,79.1564523761815,82.69796136345,87.7068665397297
Ukraine,UKR,"Central government debt, total (% of GDP)",GC.DOD.TOTL.GD.ZS,32.445911715199,35.6313995863809,63.6653191884884,70.2588376218982,71.8095454494004,66.7346465062875,56.9059506749708,48.3272696003568,58.7161850732326,..,..
Ukraine,UKR,"Foreign direct investment, net (BoP, current US$)",BN.KLT.DINV.CD,-7195000000,-4079000000,-299000000,236000000,-3955000000,-3446000000,-4859000000,-5175000000,58000000,-7518000000,-213000000
Ukraine,UKR,Individuals using the Internet (% of population),IT.NET.USER.ZS,35.27,40.954129,46.23597546,48.88464368,53.0009696,58.88947945,62.55315539,70.1248443,75.03790912,79.21829353,..
Ukraine,UKR,"Net trade in goods (BoP, current US$)",BN.GSR.MRCH.CD,-21846000000,-22128000000,-7128000000,-3455000000,-6942000000,-9663000000,-12714000000,-14261000000,-6778000000,-6642000000,-14652000000
Ukraine,UKR,"Agriculture, forestry, and fishing, value added (% of GDP)",NV.AGR.TOTL.ZS,7.76131248389414,8.69230562102956,10.1546081548161,12.0593761063371,11.7257009089167,10.1776550393512,10.1395331070229,8.96518101437243,9.31015109807472,10.8857721063269,8.22220569798506
Ukraine,UKR,"Inflation, consumer prices (annual %)",FP.CPI.TOTL.ZG,0.568727971803862,-0.238948626045407,12.0718562874251,48.6998646434424,13.9127101997797,14.4383227488749,10.9518559353178,7.88671745611133,2.73249209419427,9.36313917695223,20.1836366617478
Ukraine,UKR,Access to electricity (% of population),EG.ELC.ACCS.ZS,99.8674911660777,100,100,100,100,100,100,100,100,100,..
Ukraine,UKR,"Employers, total (% of total employment) (modeled ILO estimate)",SL.EMP.MPYR.ZS,1.04449534221702,1.01842219752229,1.2526777559747,1.23029790342133,1.16361057371684,1.17330695241925,1.16029008625317,1.1667918846347,1.17440255492694,1.16926123314382,..
,,,,,,,,,,,,,,
,,,,,,,,,,,,,,
,,,,,,,,,,,,,,
Data from database: World Development Indicators,,,,,,,,,,,,,,
Last Updated: 02/21/2024,,,,,,,,,,,,,,
